,2,3,4,5,6,7,8,9,10,11,12,13,14,15,16,17,18,19,20,21,22,23,24,25,26,27,28,29,30,31,32,33,34,35,36,37,38,39,40,41,42,43,44,45,46,47,48,49,50,51,52,53,54,55,56,57,58,59,60,61,62,63,64,65,66,67,68,69,70,71,72,73,74,75,76,77,78,79,80,81,82,83,84,85,86,87,88,89,90,91,92,93,94,95,96,97,98,99,100,101,102,103,104,105,106,107,108,109,110,111,112,113,114,115,116,117,118,119,120,121,122,123,124,125,126,127,128,129,130,131,132,133,134,135,136,137,138,139,140,141,142,143,144,145,146,147,148,149,150,151,152,153,154,155,156,157,158,159,160,161,162,163,164,165,166,167,168,169,170,171,172,173,174,175,176,177,178,179,180,181,182,183,184,185,186,187,188,189,190,191,192,193,194,195,196,197,198,199,200,201,202,203,204,205,206,207,208,209,210,211,212,213,214,215,216,217,218,219,220,221,222,223,224,225,226,227,228,229,230,231,232,233,234,235,236,237,238,239,240,241,242,243,244,245,246,247,248,249,250,251,252,253,254,255,256,257,258,259,260,261,262,263,264,265,266,267,268,269,270,271,272,273,274,275,276,277,278,279,280,281,282,283,284,285,286,287,288,289,290,291,292,293,294,295,296,297,298,299,300,301,302,303,304,305,306,307,308,309,310,311,312,313,314,315,316,317,318,319,320,321,322,323,324,325,326,327,328,329,330,331,332,333,334,335,336,337,338,339,340,341,342,343,344,345,346,347,348,349,350,351,352,353,354,355,356,357,358,359,360
*,M_HQ1,M_HQ1,x,M_HQ1,M_HQ2,M_HQ1,M_HQ1,M_HQ1,M_HQ1,x,M_HQ2,x,x,R1,M_HQ2,M_HQ1,M_HQ1,R1,M_HQ1,M_HQ2,R1,x,A1,x,M_HQ2,x,x,x,x,x,M_HQ2,R1,M_LQ1,M_HQ1,A8,M_HQ1,M_LQ1,x,M_HQ1,M_HQ1,M_HQ1,M_HQ1,M_HQ1,M_HQ1,R1,R1,R1,M_HQ2,x,M_HQ3,x,x,x,M_HQ1,x,M_HQ1,M_HQ1,A1,M_HQ2,x,x,A2,M_HQ3,x,M_HQ3,M_HQ3,x,M_HQ3,x,M_HQ1,x,x,M_HQ1,x,M_HQ1,M_HQ1,M_HQ1,M_HQ1,M_LQ1,M_HQ2,M_HQ2,M_HQ2,A6,A2,M_HQ1,M_HQ1,M_HQ1,x,x,M_HQ1,x,x,M_HQ2,M_HQ2,x,R1,M_HQ2,x,M_HQ3,A1,A3,M_HQ1,M_HQ1,x,x,M_HQ1,x,M_HQ1,x,x,M_HQ2,x,x,R1,M_HQ1,M_LQ1,M_HQ1,M_LQ1,x,M_HQ2,R1,M_HQ2,M_HQ3,M_HQ3,A8,M_HQ3,x,M_HQ1,R1,M_HQ1,M_HQ1,x,x,x,R1,M_HQ1,A2,M_HQ2,M_HQ2,x,x,M_HQ2,M_HQ1,x,A1,M_HQ1,R1,M_HQ1,x,R1,A2,M_HQ1,A3,x,M_HQ2,x,x,M_HQ2,M_HQ1,x,M_HQ1,x,R1,x,x,x,M_HQ2,M_HQ2,x,M_HQ2,M_HQ1,M_HQ2,M_HQ1,M_HQ1,M_HQ1,M_LQ1,M_HQ1,x,M_LQ2,M_HQ2,M_LQ1,x,R1,M_HQ1,A1,M_HQ2,M_HQ1,M_HQ2,x,M_HQ2,x,x,x,R1,x,x,M_HQ1,M_LQ1,M_LQ1,M_HQ1,M_LQ1,M_HQ1,x,M_HQ2,x,x,M_HQ2,x,M_HQ1,x,R1,x,M_HQ2,A6,x,M_HQ1,x,x,R1,x,M_HQ1,A1,M_HQ1,M_HQ2,M_HQ2,M_HQ2,M_HQ2,M_HQ2,R1,M_HQ3,M_LQ1,R1,M_HQ1,M_HQ1,x,M_HQ1,M_LQ1,S5,x,x,x,x,M_HQ2,M_HQ3,x,x,x,M_HQ1,M_HQ1,M_HQ1,M_HQ1,M_HQ2,x,x,M_HQ2,A1,x,x,R1,M_HQ3,x,M_HQ1,x,x,R1,R1,M_HQ2,M_HQ2,x,M_HQ1,A1,M_HQ1,M_HQ1,M_HQ2,x,x,M_HQ2,x,M_HQ3,M_HQ3,M_HQ3,M_HQ3,M_HQ3,M_HQ3,R1,M_LQ1,x,M_HQ3,x,M_HQ3,x,M_HQ3,x,x,M_HQ3,M_HQ3,M_HQ3,x,x,M_HQ1,M_HQ1,x,R1,M_HQ2,M_HQ2,M_HQ2,x,R1,M_HQ2,R1,M_HQ2,R1,A1,x,x,A1,x,x,x,M_HQ2,M_HQ2,M_HQ2,x,M_HQ2,x,x,x,R1,A2,A1,x,x,x,x,x,x,x,A2,x,A3,A3,A3,A2,x,A2,x,x,x,A1,M_HQ2,M_LQ2,A1,A2,x,A2,A8,x,x,A5
A,A1,M_HQ1,M_HQ1,M_HQ1,M_HQ2,A1,A1,M_HQ1,WT,A7,x,WT,A2,M_HQ2,A1,M_HQ1,x,x,A1,M_HQ2,x,M_HQ2,A4,A1,A4,WT,x,x,M_HQ2,A2,WT,A3,A2,A2,A7,x,M_HQ1,A4,WT,WT,A2,WT,A3,M_HQ1,A3,R1,M_HQ2,M_HQ2,x,x,A1,WT,A2,A2,x,WT,x,A1,A5,x,A4,A1,x,M_HQ1,M_HQ3,WT,A1,A4,x,x,WT,A3,A3,WT,A2,A10,A8,x,A1,WT,WT,M_HQ2,x,A6,x,WT,A10,x,A1,A1,WT,x,M_HQ2,WT,A1,R10,x,A3,A6,A3,A2,A1,A8,x,WT,x,x,A7,WT,M_HQ2,A1,x,x,M_HQ1,WT,A1,x,x,A8,x,R1,M_HQ3,x,A7,A2,x,M_HQ3,A3,A5,A6,A4,WT,A3,WT,A1,A10,WT,WT,x,A3,A5,A1,A1,WT,A3,M_HQ1,M_HQ1,M_LQ1,M_HQ1,A3,A4,A6,A2,A3,A4,A2,A2,A1,A2,M_HQ1,A4,M_HQ1,A4,A4,x,A3,A3,A4,A7,A3,A2,M_HQ2,A1,A6,WT,x,M_LQ2,M_HQ2,A6,A7,M_HQ1,WT,A1,R1,WT,M_LQ1,x,A5,A5,A3,x,A2,WT,A2,x,x,A4,WT,A1,R1,A4,A2,x,A3,x,x,x,x,A4,x,A6,x,WT,M_HQ2,A6,x,x,x,R1,A2,WT,x,A4,A2,M_HQ2,x,A6,A5,R1,A6,M_HQ1,M_HQ1,A4,x,x,A5,A6,A1,x,WT,M_HQ2,x,x,WT,x,x,x,M_HQ1,WT,M_HQ1,A1,WT,A1,x,WT,A1,x,x,x,x,x,x,x,x,WT,A1,x,A5,M_HQ2,M_HQ1,M_HQ1,M_LQ1,M_HQ1,A2,A10,A4,A1,x,A7,M_HQ3,M_HQ3,A2,M_HQ3,A2,M_HQ3,M_HQ3,A5,M_HQ3,A6,A1,M_HQ3,x,x,A6,x,A2,A9,A5,x,A1,x,x,R1,A2,A6,A2,A5,A6,A3,A5,WT,A4,x,A4,A7,A3,A3,x,x,M_HQ2,A6,M_HQ2,x,A8,M_HQ1,A7,M_HQ1,x,x,WT,x,x,A6,x,A6,WT,x,A4,x,WT,x,WT,A3,x,x,x,A6,x,WT,x,x,x,A5,x,A2,x,x,x,A5
C,A1,M_HQ1,x,M_HQ1,A3,A1,A1,M_HQ1,M_HQ1,x,A4,x,A1,x,A2,M_HQ1,A1,M_HQ1,A2,M_HQ2,M_HQ2,x,x,x,x,A3,x,A4,M_HQ2,M_HQ2,A4,A3,x,A1,A7,A2,x,A5,A6,A4,x,A6,A2,x,A1,M_HQ2,x,M_HQ2,x,A1,x,x,M_HQ3,A1,x,M_HQ1,M_HQ1,A1,A2,x,A7,x,x,M_HQ1,x,A10,M_HQ3,A4,x,x,A10,x,x,M_HQ1,A4,A9,A4,M_HQ1,x,A1,M_HQ2,M_HQ2,A4,A4,x,A4,A10,x,x,x,A8,x,x,A9,x,R10,x,x,x,A2,A2,A3,x,x,A8,WT,x,x,x,x,A2,x,x,A1,A7,M_HQ1,M_HQ1,x,A9,M_HQ2,x,M_HQ2,M_HQ3,x,A6,R1,x,A4,A4,x,A1,x,A4,x,x,A7,x,A4,WT,A4,x,A7,M_HQ1,A10,A2,R1,x,M_LQ1,x,A4,A2,A5,x,A3,A7,A1,M_HQ2,A4,x,x,A4,A3,x,A2,x,x,A4,x,A4,x,A1,A2,x,x,x,A1,A2,M_HQ2,A5,M_LQ2,A3,x,x,A2,A4,M_HQ2,x,A5,A5,A2,x,A2,A2,A2,x,x,x,A5,A3,x,A5,x,A3,A6,x,A5,A5,x,A5,x,A2,A4,A7,A7,A2,x,A3,x,R1,A4,A2,x,A2,M_HQ2,A1,A5,A5,A5,x,A6,x,x,A4,x,A1,A5,A8,A3,x,x,x,x,A4,A4,x,x,x,x,x,x,A1,A5,x,x,M_HQ2,A3,x,x,x,x,x,M_LQ1,x,x,A5,A1,A4,M_HQ2,x,x,M_HQ1,M_HQ1,R1,A7,A8,A2,M_HQ2,A4,A1,WT,M_HQ3,A7,M_HQ3,x,R1,x,x,x,x,M_HQ3,A2,M_HQ3,A3,x,x,M_HQ3,A5,A5,A5,x,M_HQ1,A2,M_HQ1,x,A3,A1,A2,A4,A4,A5,A5,x,A5,x,S3,x,x,x,A1,x,A4,M_HQ1,x,A6,R1,A5,x,A3,x,x,x,x,x,x,x,x,A5,A4,x,A6,A2,x,A3,x,A2,x,A4,x,A2,A4,A4,A2,A4,x,x,x,x,x,A5
D,x,M_HQ1,M_HQ1,M_HQ1,M_HQ2,M_HQ1,WT,M_LQ1,A1,A6,M_HQ2,x,A2,R1,x,M_HQ1,R1,M_HQ1,M_HQ1,M_HQ2,M_HQ2,x,M_HQ1,A1,A3,x,x,x,x,x,A5,x,x,M_HQ1,A5,A2,M_HQ1,A2,A4,M_HQ1,x,A5,A5,M_HQ1,A2,M_HQ1,x,M_HQ2,M_HQ2,M_HQ3,M_HQ3,M_HQ3,x,M_HQ1,x,M_LQ1,M_HQ1,x,M_HQ2,x,M_HQ2,M_HQ2,x,M_HQ1,M_HQ3,M_HQ3,x,A3,x,x,x,A1,A1,x,A2,M_HQ1,A1,R1,M_HQ2,x,M_HQ2,M_HQ2,x,A3,x,M_HQ1,WT,x,M_HQ1,M_HQ1,M_HQ2,x,M_HQ2,A8,A1,R1,x,A6,A4,x,x,A3,A2,A2,A4,x,x,A4,x,x,x,A5,x,M_HQ1,M_HQ1,A1,M_HQ1,x,A1,R1,x,x,M_HQ3,x,R1,M_HQ3,x,WT,WT,A5,WT,x,M_HQ1,A5,x,A7,x,A2,M_HQ2,x,A4,M_HQ2,M_HQ1,A1,M_HQ1,R1,M_HQ1,WT,M_HQ2,A3,WT,A3,x,A4,x,A3,x,M_HQ2,x,x,A6,M_HQ1,A5,WT,R1,x,x,x,M_HQ2,M_HQ2,A6,M_HQ2,R1,x,x,x,M_LQ2,M_HQ2,x,x,x,x,x,R1,M_LQ1,M_HQ2,A2,A4,A4,A2,x,R1,x,A1,A1,x,x,x,R1,R1,x,x,A1,x,A5,A5,A4,x,A1,x,x,x,A7,A4,A1,x,x,WT,M_LQ1,A3,M_HQ1,x,A2,M_HQ2,R1,A5,A1,M_HQ2,x,A2,x,R1,A5,A2,x,x,A2,x,x,x,x,x,M_HQ2,A1,x,WT,x,x,x,x,M_LQ1,M_HQ2,x,x,M_HQ2,x,x,x,x,x,x,x,x,x,A5,WT,x,x,M_HQ2,M_HQ1,M_HQ1,M_LQ1,WT,WT,x,A1,WT,A3,A4,A2,A2,x,M_HQ1,M_HQ3,M_HQ1,M_LQ1,x,x,x,R1,WT,M_HQ3,x,A2,x,M_HQ3,x,A1,M_HQ3,M_HQ1,WT,M_HQ1,R1,M_HQ2,A4,A3,S5,x,M_HQ1,x,A4,A4,A4,A3,A2,x,x,M_HQ1,x,A2,x,M_HQ2,M_HQ2,A8,x,x,M_HQ1,A1,A5,x,x,x,x,x,x,x,x,x,x,A6,x,A2,WT,x,A3,x,x,A2,x,x,M_LQ2,A2,A4,x,x,x,x,x,A7
E,A1,M_HQ1,M_HQ1,M_HQ1,M_HQ2,M_HQ1,A4,M_HQ1,M_HQ1,WT,A3,M_HQ2,A3,R1,M_HQ2,x,M_HQ1,M_LQ1,R1,M_HQ2,R1,M_HQ2,A1,M_HQ2,A3,x,x,x,M_HQ2,M_HQ2,A5,A2,M_HQ1,M_HQ1,WT,A1,M_LQ1,WT,A5,R1,M_HQ1,A7,WT,M_HQ1,A2,x,R1,A2,x,M_HQ3,R1,M_HQ3,M_HQ3,x,M_HQ1,R1,M_HQ1,x,A2,x,A1,M_HQ2,x,M_HQ1,M_HQ3,M_HQ3,M_HQ3,A5,x,A2,A4,A1,x,x,A6,A1,A1,x,A1,A10,M_HQ2,M_HQ2,A7,x,M_HQ1,M_HQ1,A8,x,x,A1,A8,x,x,A1,A1,R3,A3,A3,WT,x,x,A1,A2,WT,A1,x,x,A4,M_HQ2,M_HQ2,A1,A6,M_HQ1,M_HQ1,A2,A1,M_HQ1,x,x,R1,x,M_HQ2,M_HQ3,M_HQ3,A8,M_HQ3,x,A5,A5,A6,A4,M_HQ1,A3,A5,R1,WT,A4,A1,M_HQ2,S5,A3,M_HQ2,x,A2,M_LQ1,R1,M_HQ1,M_HQ1,M_HQ2,A1,A5,A5,A1,A4,M_HQ2,A2,x,M_HQ2,M_HQ1,R1,M_LQ1,x,WT,A1,R1,x,x,A5,R1,M_HQ2,WT,A9,x,x,S5,A2,A3,M_HQ2,A6,A7,x,A3,R1,R1,A1,M_HQ2,x,A5,x,A2,x,M_HQ2,A3,A1,A1,M_HQ1,A1,x,M_HQ1,M_LQ1,x,x,x,x,x,x,x,A2,x,x,A2,A2,A6,WT,A3,WT,x,x,M_HQ1,x,R1,A2,A2,x,M_HQ2,A5,A6,R1,M_HQ2,A5,R1,M_HQ1,A4,WT,x,A4,A4,x,x,x,M_HQ2,x,M_HQ2,M_HQ3,x,x,x,M_HQ1,R1,M_HQ1,M_HQ2,M_HQ2,M_HQ2,x,M_HQ2,M_HQ2,x,WT,x,A2,M_HQ3,x,x,x,A5,A5,M_HQ2,M_HQ2,M_HQ2,x,x,M_HQ1,R1,x,A1,WT,A4,x,A6,M_HQ3,M_HQ3,A2,M_HQ3,M_HQ3,M_HQ3,M_HQ3,x,x,x,M_HQ3,A1,A2,A5,A5,M_HQ3,M_HQ3,A10,x,x,A1,A3,x,M_HQ1,A1,A4,M_LQ1,A4,x,x,x,A5,A4,A6,x,x,x,A3,M_HQ1,x,M_HQ2,x,M_HQ2,A4,x,x,x,M_HQ1,x,A5,A5,x,x,x,x,x,x,x,A2,A6,A6,A3,x,A3,x,A2,x,A6,x,x,x,A3,M_LQ1,A2,x,A2,WT,x,M_LQ1,A7
F,A1,M_HQ1,M_HQ1,M_HQ1,A3,A1,M_HQ1,M_HQ1,M_HQ1,A3,A6,x,x,A2,M_HQ2,x,M_HQ1,M_HQ1,M_HQ1,M_HQ2,M_HQ2,x,A10,R1,x,A2,A2,A1,M_HQ2,M_LQ1,A4,A3,x,M_LQ1,A1,M_HQ1,M_LQ1,A4,A5,x,A1,A5,M_HQ1,A1,M_HQ1,A1,M_HQ2,M_HQ2,x,A1,A2,x,x,M_HQ1,M_HQ1,M_HQ1,x,x,M_HQ2,x,A2,A1,A1,M_LQ1,A1,A8,A6,A7,x,x,A8,x,M_LQ1,M_HQ1,M_LQ1,A2,A1,M_HQ1,A10,A1,M_HQ2,M_HQ2,A10,A3,x,M_HQ1,A10,x,x,x,x,x,x,x,A3,R7,x,A2,A2,A3,A2,M_HQ1,A3,x,A6,A3,x,A3,x,x,x,x,M_HQ1,M_HQ1,x,M_HQ1,x,M_HQ2,A2,M_HQ2,x,M_HQ2,M_HQ3,A1,x,x,x,A2,A4,x,x,x,x,x,A1,A5,x,A8,x,x,x,x,M_HQ1,A1,M_HQ1,WT,x,x,A4,x,A1,x,x,x,A1,R1,M_HQ2,M_HQ2,M_HQ1,WT,M_LQ1,x,A2,x,M_HQ1,x,x,x,x,M_HQ2,x,A1,x,A5,x,A5,x,M_HQ2,x,x,x,x,A4,A1,x,M_HQ2,M_LQ1,A5,x,A3,x,M_HQ2,A1,M_HQ1,M_LQ1,x,A3,x,x,x,x,x,x,x,x,A6,x,x,A4,x,x,x,A4,A7,x,x,x,x,A1,x,x,A2,M_HQ1,M_HQ2,WT,A6,A1,M_HQ2,M_HQ3,A6,A2,A4,M_HQ1,A3,x,A5,A6,x,x,x,A4,x,M_HQ2,M_HQ3,x,x,x,x,M_HQ1,M_HQ1,A1,x,M_HQ2,x,M_LQ1,A4,x,x,A5,A1,x,A2,x,x,A5,M_HQ1,A2,M_HQ2,M_HQ2,M_HQ1,M_HQ1,A3,R1,A4,A1,A2,M_HQ2,M_HQ3,A3,A3,A5,A1,A1,x,R1,x,x,x,x,x,M_LQ1,WT,x,A4,M_HQ3,M_HQ3,A8,A3,x,A1,M_HQ1,A3,M_HQ1,A10,x,A2,A2,x,x,x,A4,A1,A4,A4,x,x,A4,x,x,M_HQ2,A2,A3,M_HQ2,A4,x,x,x,R1,x,x,x,x,x,x,x,x,A1,A2,A3,A6,A1,x,A3,A2,A2,x,A4,A2,A1,A5,x,A2,A3,x,A4,x,x,x,A6
G,A1,M_HQ1,M_HQ1,M_HQ1,M_HQ2,M_HQ1,A1,R1,A1,A4,x,x,WT,M_HQ2,M_HQ2,x,A1,R1,R1,M_HQ2,M_HQ2,A2,M_HQ1,A1,A6,A3,A2,x,R1,A1,A4,A4,S5,M_HQ1,A6,A1,M_HQ1,A2,A5,A1,R1,A5,A2,M_HQ1,A2,M_HQ2,R1,M_HQ2,M_HQ2,M_HQ3,A1,M_HQ3,M_HQ3,M_HQ1,x,A1,WT,x,A7,x,A2,M_HQ2,M_HQ3,WT,M_HQ3,S3,M_HQ3,A2,A3,A1,A4,A2,A3,A3,A2,A1,M_HQ1,R1,M_HQ2,A1,A2,M_HQ2,A2,S5,M_HQ1,A1,A7,x,M_HQ1,WT,A2,x,M_HQ2,x,A1,R9,A7,A9,A10,A2,A2,WT,A5,x,A9,x,A1,A2,A1,M_HQ2,A1,x,M_HQ1,M_HQ1,A3,M_HQ1,M_HQ2,x,A2,WT,R1,R1,M_HQ3,A1,R1,M_HQ3,M_HQ3,A4,A3,A4,A2,M_HQ1,A2,A2,R1,A7,A2,A2,M_HQ2,S3,A6,M_HQ2,M_HQ1,A2,R1,R1,M_HQ1,M_LQ1,M_HQ2,A3,A6,A5,A5,A4,A2,A1,A1,M_HQ2,A2,R1,M_LQ1,M_HQ1,A2,A3,WT,x,A2,A1,WT,R1,S5,M_HQ2,R1,A2,A5,M_HQ1,WT,M_HQ1,A5,M_LQ2,M_HQ1,A5,M_HQ1,M_HQ1,A6,WT,M_HQ2,A4,A4,A2,x,M_HQ2,A2,A2,A2,A2,A1,A4,WT,M_HQ1,A4,A3,A4,A7,A8,A5,A4,x,A1,x,A2,M_HQ2,A8,A4,A5,x,WT,x,R1,A4,M_HQ1,A2,A5,WT,M_HQ2,A4,A3,M_HQ2,M_HQ3,A5,R1,M_HQ1,A4,A5,WT,A2,A3,x,x,x,R1,x,M_HQ3,A5,x,x,x,M_HQ1,A3,x,WT,M_HQ2,M_HQ2,x,S5,M_HQ2,x,M_HQ1,A5,WT,x,x,x,WT,A5,A3,M_HQ2,A5,M_HQ2,M_HQ1,WT,M_HQ1,R1,A10,A3,A5,M_HQ2,M_HQ3,A6,M_HQ3,M_HQ3,M_HQ3,M_HQ3,M_HQ3,M_HQ3,M_HQ3,x,x,A5,M_HQ3,M_HQ3,M_HQ3,A5,x,M_HQ3,WT,A3,A1,M_HQ3,M_HQ1,M_HQ1,M_HQ1,R1,M_HQ2,A4,M_HQ2,A5,A5,WT,A6,S5,A4,A5,WT,x,A1,x,M_HQ2,A6,M_HQ2,A4,M_HQ2,M_HQ2,A4,R1,A8,M_HQ1,R1,A5,A5,x,x,x,x,x,M_LQ1,A6,A4,A6,A6,A3,A3,A3,x,A3,x,A4,A2,A2,A4,x,A2,A6,A1,A3,A6,x,WT,A7
H,A1,x,x,M_HQ1,M_HQ2,x,x,M_HQ1,x,x,x,x,x,x,M_HQ2,x,x,x,M_HQ1,M_HQ2,R1,x,A1,x,x,x,A5,WT,x,A2,A5,A4,x,A1,x,x,M_LQ1,A4,A1,M_HQ1,x,A7,A2,A1,M_HQ2,M_HQ1,M_HQ2,M_HQ2,M_HQ2,A1,M_HQ3,x,x,x,M_HQ1,M_HQ1,M_HQ1,x,A4,x,A6,A2,M_HQ3,x,M_HQ3,x,M_HQ3,x,x,A7,x,x,WT,x,A1,A2,A7,x,A3,x,A1,M_HQ2,x,x,x,M_HQ1,A9,A3,A7,x,x,x,x,x,x,R5,x,A3,x,A5,M_LQ1,A1,M_HQ1,x,x,x,x,x,x,x,WT,A3,M_HQ1,M_HQ1,M_HQ1,A6,M_HQ3,x,x,x,x,x,x,x,x,M_HQ3,M_HQ3,A1,x,x,A2,x,A4,x,M_HQ1,A9,x,A4,x,A8,x,x,x,A2,x,M_HQ1,x,x,M_HQ2,x,x,A5,x,A3,x,x,M_HQ2,x,x,x,A3,WT,A4,x,x,x,A3,A3,M_HQ2,M_HQ2,x,WT,x,A5,x,x,x,WT,A6,A7,x,x,M_HQ1,M_HQ1,x,x,M_LQ1,A6,A5,M_HQ2,x,R1,x,A2,x,A7,A4,x,x,x,WT,x,x,x,x,x,x,x,x,M_HQ1,x,x,x,A7,x,x,x,x,M_HQ1,M_LQ2,x,x,x,M_HQ2,x,x,x,R1,x,A6,x,x,A6,x,x,x,x,x,x,x,x,x,x,x,x,x,x,x,x,x,x,x,x,x,x,M_HQ2,x,x,x,x,x,x,x,x,x,x,x,M_HQ2,x,A1,x,M_LQ1,M_HQ1,M_HQ2,A7,A5,M_HQ3,M_HQ3,x,x,M_HQ3,x,M_HQ3,M_HQ3,M_HQ3,x,x,x,A4,A2,M_HQ3,x,x,x,M_HQ3,x,x,x,M_HQ3,M_LQ1,x,x,x,A2,A3,M_HQ2,x,A5,A3,x,x,x,x,A5,x,x,x,x,x,A1,x,M_HQ1,x,A7,x,x,M_HQ1,x,A5,x,x,x,x,x,x,x,x,A2,A5,A6,x,A2,A4,x,A2,x,A6,x,x,x,A3,x,A5,x,x,x,x,x,A6
I,x,M_HQ1,M_HQ1,M_HQ1,A4,x,A1,A4,M_HQ1,A4,A3,x,x,x,M_HQ2,x,M_HQ1,R1,A1,M_HQ2,M_HQ2,x,x,x,x,M_HQ2,A7,x,x,M_HQ2,x,A3,x,M_LQ1,A9,x,x,A5,A5,x,A10,A1,A1,A2,M_HQ1,M_HQ2,WT,M_HQ2,x,A2,x,x,x,A2,M_HQ1,x,M_HQ1,x,x,x,A2,A10,WT,x,A1,S1,A1,x,x,x,x,x,x,M_HQ1,A1,x,A2,WT,M_LQ2,x,M_HQ1,WT,A8,A4,x,A1,A7,x,A4,x,x,A9,x,x,A10,R3,A2,A9,A4,A1,A3,M_HQ1,A4,x,x,A10,x,A7,x,x,x,x,M_HQ1,A6,A2,M_HQ1,M_LQ1,A5,A7,x,x,WT,WT,A7,x,M_HQ3,x,A1,A5,x,x,x,WT,x,A10,A1,A4,A6,x,A8,A1,x,x,A10,A6,M_HQ1,A5,M_LQ1,x,M_HQ2,x,x,A7,x,WT,R1,M_HQ2,WT,WT,x,M_LQ1,A6,x,x,x,x,x,A4,R1,A5,x,M_HQ2,x,A5,x,M_LQ2,x,M_HQ2,x,x,WT,x,A4,A4,x,x,R1,A5,A4,M_LQ1,x,x,M_HQ1,A1,x,x,A4,A4,M_LQ1,x,A5,x,x,A3,A5,A5,x,x,WT,x,x,WT,A5,A8,A9,x,x,x,R1,M_HQ1,x,A6,x,M_HQ2,M_HQ2,A6,A4,A1,A5,A6,A3,x,A5,A3,x,WT,A6,A1,x,x,A5,x,A4,x,x,x,x,x,x,R1,x,x,x,x,x,WT,x,x,A5,M_HQ3,x,x,x,x,x,M_HQ1,WT,M_HQ2,x,A5,x,M_HQ1,M_HQ1,x,M_HQ2,A3,M_HQ2,M_HQ3,A4,x,M_HQ3,WT,R1,x,M_HQ3,M_HQ3,x,WT,x,M_HQ3,M_HQ3,M_HQ3,x,A2,x,x,x,x,A4,A2,M_HQ1,x,A4,A5,A2,A5,R2,x,A1,A5,A4,A4,x,x,x,x,x,x,x,A2,A2,A4,x,A5,x,x,M_HQ1,x,A5,x,x,A7,x,x,x,x,x,x,x,A7,A7,x,x,x,A5,A1,A3,A6,A2,A5,A3,x,A4,x,x,x,x,x,A4
K,WT,M_HQ1,x,M_HQ1,M_HQ2,x,A1,M_HQ1,x,A6,x,x,x,x,x,M_HQ1,x,M_HQ1,M_HQ1,M_HQ1,M_HQ2,M_HQ2,A1,M_HQ2,x,x,A9,x,x,A2,A5,WT,M_HQ1,A7,A6,WT,M_HQ1,A5,A7,A1,M_HQ1,A8,A4,x,A5,M_HQ2,x,M_HQ2,x,A2,M_HQ3,x,A6,A1,M_HQ1,M_LQ1,x,WT,A8,x,A4,A2,M_HQ3,x,M_HQ3,x,R1,A2,x,A1,x,x,x,x,x,x,A1,M_HQ1,x,M_LQ1,M_HQ2,M_HQ2,WT,A6,A1,A1,x,R1,A1,A1,x,x,M_HQ2,x,R1,R3,A1,A1,A7,x,A1,A1,A3,A3,x,M_HQ1,WT,A10,x,x,A4,x,A1,x,A1,A1,x,x,A6,M_HQ2,x,M_HQ2,x,x,M_HQ3,R1,x,A1,A3,A5,x,x,A4,x,M_HQ1,A3,A6,A3,M_HQ2,x,A2,M_HQ2,x,A1,x,x,R1,M_HQ1,x,M_HQ2,A1,A4,A1,A4,x,A1,A4,x,A1,x,A3,M_HQ1,A3,x,M_HQ1,M_HQ1,A5,A3,A1,A1,A1,M_HQ2,R1,x,A5,x,A4,x,A6,A7,M_LQ1,x,R1,R1,A4,x,x,A4,x,A1,x,x,x,x,x,x,x,x,M_HQ1,x,x,WT,x,x,x,A5,x,x,x,x,M_LQ1,x,A2,A8,A6,x,x,x,R1,x,R1,A5,A1,M_HQ2,M_HQ2,A5,A5,x,R1,A4,M_LQ1,R1,A4,A4,x,A4,A4,M_HQ1,x,x,x,x,R1,M_HQ3,x,x,x,x,M_HQ1,x,A1,M_HQ2,M_HQ2,x,M_HQ2,x,x,x,A4,A3,x,x,x,x,x,M_HQ1,M_HQ2,R1,x,M_HQ1,x,M_HQ1,x,M_HQ2,A1,x,M_HQ2,M_HQ3,A2,M_HQ3,M_HQ3,M_HQ3,R1,M_HQ3,M_HQ3,M_HQ3,x,x,WT,M_HQ3,x,M_HQ3,x,x,M_HQ3,M_HQ3,x,x,M_HQ3,M_HQ1,x,x,R1,M_LQ1,x,x,A5,A8,A3,A5,M_LQ1,A4,WT,A4,x,A5,x,x,x,M_LQ1,A5,M_HQ2,A3,WT,M_HQ1,WT,M_HQ1,R1,A4,x,x,x,A6,x,x,x,x,A2,A6,A6,A2,x,A4,x,x,x,A6,A2,A2,A6,A3,x,A6,x,A2,x,A6,x,A7
L,M_HQ1,A2,M_HQ1,R1,WT,A1,A1,A1,M_HQ1,A3,A3,A1,x,M_HQ2,x,M_HQ1,M_HQ1,R1,M_HQ1,M_HQ2,M_HQ2,M_HQ2,A9,M_HQ2,A1,x,A5,x,M_HQ2,M_HQ2,A5,A3,M_HQ1,A1,A8,A2,M_HQ1,A7,A6,M_HQ1,A10,A6,M_HQ1,WT,M_HQ1,M_HQ2,A1,R1,M_HQ2,A2,A7,x,x,M_HQ1,WT,A1,x,x,M_HQ2,x,WT,WT,A1,R1,A6,S5,M_HQ3,A3,x,WT,A8,WT,M_HQ1,M_HQ1,A1,A2,A8,A9,A10,A4,M_HQ2,M_HQ2,A3,A3,x,A1,x,x,WT,A1,A10,x,A10,x,A10,R7,A2,A5,A2,A7,A4,M_HQ1,A5,A4,A1,A10,x,A6,A2,x,A3,A1,WT,WT,M_HQ1,A1,M_HQ2,M_HQ2,A2,M_HQ2,WT,M_HQ3,M_HQ3,A9,A9,M_HQ3,WT,A2,A4,A5,A2,M_HQ1,A5,x,x,A3,A5,A8,x,x,A2,A1,M_HQ1,A6,WT,R1,WT,M_HQ1,M_HQ2,M_HQ2,A3,A4,A8,A2,A6,R1,M_HQ2,A7,A4,R1,M_HQ1,x,A3,x,M_HQ1,M_HQ2,A3,WT,R1,M_HQ2,A1,A1,WT,A6,A5,WT,M_LQ1,M_HQ2,A6,A7,A3,M_HQ1,WT,WT,A3,M_HQ2,M_LQ1,WT,A5,M_HQ2,x,R1,M_HQ1,A1,WT,x,WT,A5,M_LQ1,M_HQ1,A5,A2,A2,WT,x,A6,A5,A1,S5,x,A2,A5,A5,A7,A6,x,x,x,R1,A1,M_HQ1,A6,M_HQ2,M_HQ2,A1,A6,A3,M_HQ2,M_HQ3,A7,A4,WT,A5,A5,x,A5,A7,A1,x,x,A5,WT,A1,R1,x,x,x,A1,M_HQ1,WT,M_HQ2,M_HQ2,A3,x,M_HQ2,A4,x,x,A5,A1,WT,M_LQ2,x,x,A5,R1,A4,R1,A5,A4,M_HQ1,M_HQ1,R1,M_HQ2,A8,A6,M_HQ2,M_HQ3,A3,A2,M_HQ3,A2,M_HQ3,M_HQ3,WT,M_HQ3,x,A1,x,A4,M_HQ3,A1,A3,WT,WT,M_HQ3,A3,x,A2,A1,M_HQ1,x,WT,WT,A4,WT,S3,A5,A2,A5,A4,A4,A5,x,x,x,WT,WT,x,M_HQ2,A2,WT,A4,A8,x,M_LQ2,M_HQ1,R1,WT,A3,x,x,x,x,x,x,A3,A3,x,A6,WT,A1,A3,x,WT,A6,A6,WT,A1,A6,A4,A4,A4,A1,WT,A1,x,x,A5
M,x,A8,M_HQ1,M_HQ1,A5,A1,x,M_HQ1,M_HQ1,A4,x,x,x,M_HQ2,x,x,A9,R1,M_HQ1,M_HQ1,M_HQ2,x,A9,M_HQ1,A3,A2,x,A2,R1,A3,A5,M_LQ2,A2,A1,A7,A3,M_HQ1,A6,A6,A1,WT,A6,A2,A7,A1,M_HQ2,M_HQ2,R1,x,A2,A3,M_HQ3,x,x,A1,x,x,A1,A1,x,A4,A3,x,x,A1,A7,A4,x,x,A4,A1,x,A5,x,A3,A4,A5,M_HQ1,A10,x,M_HQ2,M_HQ2,A3,x,x,M_HQ1,x,x,A5,x,A1,x,x,x,A9,x,WT,A1,A5,A6,x,M_HQ1,A4,x,A1,x,x,A7,A3,A1,x,x,x,x,A3,A1,M_HQ1,x,A8,M_HQ2,x,M_HQ2,M_HQ3,A10,x,M_HQ3,x,A1,x,A5,x,x,A6,A4,A6,A10,A5,A10,x,x,A1,A1,R1,x,A1,R1,A1,x,x,M_HQ2,A2,A4,A6,A2,A3,M_HQ2,M_HQ2,A6,A3,M_HQ1,x,x,A3,x,x,x,A4,A4,A2,M_HQ2,A1,M_HQ1,A3,A6,A5,x,M_HQ1,M_LQ1,A6,x,A4,A3,A4,A4,A4,M_HQ2,R1,A6,S5,A2,x,x,M_LQ1,A1,M_LQ2,x,x,A5,x,M_HQ1,x,x,x,A4,x,A6,x,x,A5,x,A2,A5,x,A8,A5,x,x,x,R1,A2,M_HQ1,WT,A1,M_HQ2,A1,A6,A4,A4,WT,A6,WT,A4,A5,x,x,A4,A5,A3,x,x,WT,x,M_HQ2,M_HQ3,x,x,x,WT,M_HQ1,A1,M_LQ1,M_HQ2,WT,x,M_HQ2,A3,x,x,x,A1,A3,x,x,x,A5,x,A4,x,x,A1,x,A2,M_HQ1,A2,A2,A7,M_HQ2,M_HQ3,A4,x,M_HQ1,A2,M_HQ3,M_HQ3,M_HQ3,M_HQ3,x,x,A2,A2,x,M_LQ1,x,A7,A5,M_HQ3,A7,x,M_HQ3,A1,x,A4,A2,A9,A4,A5,R2,A4,A2,x,A4,A4,A4,A3,x,A6,x,x,x,M_HQ2,x,A1,x,x,M_HQ1,x,M_HQ1,R1,A4,A3,x,x,A3,x,x,x,x,A2,A6,A6,A4,A1,x,x,x,WT,x,A6,x,A6,A5,A2,A4,A4,A4,M_LQ2,A4,x,A5
N,x,M_HQ1,M_LQ1,M_HQ1,M_HQ2,A1,A4,M_HQ1,x,A5,x,M_HQ2,A4,M_HQ2,M_HQ2,M_HQ1,x,M_HQ2,M_LQ1,M_HQ2,x,x,A2,WT,x,x,x,x,M_HQ2,A1,x,A3,x,A1,A5,M_LQ1,A1,x,A5,x,x,A6,A5,M_HQ1,WT,M_HQ1,x,M_HQ2,WT,x,x,x,x,M_HQ1,x,x,x,x,x,x,A3,x,M_HQ3,x,x,x,x,x,R1,x,x,x,x,x,x,x,A1,M_HQ1,A1,A4,M_HQ2,M_HQ1,x,A4,x,A3,A10,x,x,x,x,A5,x,x,M_HQ2,R10,x,A4,x,A7,x,A3,A2,x,A4,x,x,A6,x,x,x,WT,M_HQ1,M_HQ1,x,A1,M_HQ1,x,A2,x,x,x,M_HQ3,WT,M_HQ3,M_HQ3,x,A5,A8,x,x,x,A2,x,M_HQ1,A9,A4,A1,M_HQ2,A4,WT,x,x,M_LQ1,A2,M_HQ1,M_HQ1,A2,M_HQ1,A3,A4,x,x,A4,A1,WT,x,A2,A3,x,A3,A3,A5,x,x,x,A3,x,M_LQ1,M_HQ2,x,M_HQ2,M_HQ1,x,x,x,A4,x,A6,x,M_HQ1,x,R1,M_HQ1,x,x,x,A5,A5,A2,x,x,x,x,A2,x,x,x,x,M_LQ1,x,x,x,x,x,A5,WT,x,x,x,x,A1,x,A5,A4,x,x,x,R1,A4,x,A4,A1,x,x,x,A4,M_HQ2,x,A6,M_HQ1,R1,WT,A5,x,x,x,x,A7,x,x,x,x,M_HQ3,WT,x,x,M_HQ1,M_HQ1,x,x,x,x,x,R1,M_HQ2,x,x,x,A1,x,x,x,x,x,M_HQ1,x,x,x,M_HQ1,M_HQ1,A2,x,A4,x,A1,M_HQ2,x,A6,A2,M_HQ3,x,M_HQ3,M_HQ3,M_HQ1,M_HQ3,x,x,x,A2,x,x,x,x,x,x,x,A9,A1,x,A1,M_HQ1,M_HQ1,A4,A5,A1,A4,x,x,A5,x,x,M_HQ2,x,WT,x,x,x,A4,M_HQ2,A6,R1,x,x,x,x,M_HQ1,x,A5,x,x,WT,x,x,x,x,x,x,A5,A6,x,x,A4,x,A3,x,A6,x,x,A3,A3,x,A2,x,x,x,x,x,A6
P,x,WT,x,M_HQ1,M_HQ2,M_HQ1,M_HQ1,M_LQ1,M_HQ1,A2,x,M_HQ2,M_HQ2,x,M_HQ2,M_HQ1,x,R1,M_HQ2,M_HQ2,x,x,M_HQ1,x,M_LQ1,x,A9,A1,R1,x,x,A2,A2,M_HQ1,M_HQ1,x,x,x,M_HQ1,M_HQ1,M_HQ1,A2,M_HQ1,x,M_HQ1,A1,M_HQ2,WT,M_HQ2,M_HQ3,A3,x,x,M_HQ1,x,M_HQ1,x,x,A10,x,A2,M_HQ2,x,x,M_HQ3,x,R1,x,A7,A3,A8,x,A4,M_HQ1,WT,M_LQ1,M_HQ1,R1,M_LQ1,M_HQ2,M_HQ1,M_HQ2,A6,M_HQ2,M_HQ1,M_HQ1,M_HQ1,x,x,M_HQ1,x,x,A1,x,M_HQ2,WT,x,A2,A4,A3,A6,M_HQ1,x,x,x,x,x,x,x,M_HQ2,x,x,M_HQ1,M_HQ1,x,M_HQ1,M_HQ1,x,M_HQ2,M_HQ2,x,M_LQ1,M_HQ3,x,x,WT,M_HQ3,A1,x,A4,x,R1,x,R1,R1,A2,x,R1,x,A2,x,x,WT,M_LQ1,R1,M_HQ1,M_HQ1,M_LQ1,M_HQ1,A2,x,A4,A8,WT,M_HQ2,x,x,M_HQ2,x,x,M_LQ1,A4,M_HQ1,x,R1,x,A2,x,M_HQ2,M_HQ2,x,M_HQ2,M_HQ1,x,x,M_HQ1,R1,M_HQ1,A2,x,A2,x,x,R1,A2,x,WT,A4,A3,M_LQ1,x,R1,x,R1,R1,M_HQ1,x,A2,x,x,A1,x,x,M_HQ2,x,x,M_HQ2,x,x,x,WT,x,A1,A1,A3,x,x,x,M_HQ1,M_HQ1,x,x,M_HQ1,x,x,x,M_HQ2,M_HQ2,A1,M_HQ3,x,R1,M_HQ1,M_HQ1,x,x,x,WT,x,x,M_HQ2,x,M_HQ3,x,x,x,x,x,x,x,x,x,x,x,x,x,x,x,A5,x,x,x,x,x,A5,x,M_HQ2,R1,M_HQ2,A2,M_HQ1,M_HQ1,R1,M_HQ2,M_HQ2,R1,M_HQ2,M_HQ3,A4,M_HQ3,M_HQ1,x,WT,WT,M_HQ3,R1,x,x,x,M_HQ3,x,R1,x,x,x,M_HQ3,M_HQ3,x,M_HQ3,M_HQ1,x,x,x,M_HQ2,R1,M_HQ2,A1,x,x,A4,x,x,A5,x,x,x,x,x,WT,x,A1,M_HQ2,M_HQ2,A6,x,x,x,R1,A1,A5,WT,x,x,x,A5,x,x,WT,x,A2,A2,x,x,x,A3,x,x,A2,x,x,x,x,A2,x,A2,x,x,x,A5
Q,A1,M_HQ1,M_LQ1,M_HQ1,A2,A1,A4,M_HQ1,x,A4,x,x,A3,R1,x,M_HQ1,WT,M_HQ1,M_LQ1,M_HQ2,R1,x,A3,A1,WT,x,x,A2,x,A3,x,A3,x,A2,x,A2,M_HQ1,x,A7,x,x,A7,M_HQ2,M_HQ1,A4,x,M_HQ2,A1,x,A1,M_HQ3,x,WT,WT,M_HQ1,x,x,M_HQ2,WT,x,x,A1,M_HQ2,x,A1,x,A1,A4,x,x,A4,x,A3,M_LQ1,A5,x,WT,x,M_HQ2,A8,M_HQ2,M_HQ2,x,A7,x,M_HQ1,x,WT,A1,A1,x,x,M_HQ2,x,A1,R2,A7,A3,x,A5,x,A1,A3,A5,x,x,x,A6,x,x,A2,x,M_HQ1,A1,A2,WT,A1,x,x,M_HQ2,x,M_HQ2,M_HQ3,A1,x,M_HQ3,x,A2,A4,WT,x,x,A4,x,M_HQ1,A5,A2,A9,A2,A3,A4,M_HQ2,x,x,M_HQ1,M_HQ1,M_HQ1,A2,M_HQ1,A4,x,WT,x,A4,A1,A3,x,x,A2,x,A1,A1,A4,x,x,x,x,x,A2,M_LQ1,A1,A8,M_HQ1,x,x,x,A4,x,WT,WT,M_LQ1,x,R1,M_HQ1,A3,x,M_LQ1,A4,x,A3,x,M_HQ2,x,x,A2,x,A4,A6,x,M_HQ1,x,x,x,x,x,x,x,WT,x,WT,A2,x,x,A8,A5,x,x,x,R1,x,x,x,A1,x,x,WT,WT,x,x,WT,M_HQ1,M_HQ1,A5,x,x,A4,A5,R1,x,x,A2,x,M_HQ3,x,x,x,WT,x,M_HQ1,x,x,x,x,x,x,x,x,x,A6,x,x,x,x,x,A3,A4,M_HQ2,A1,M_HQ2,x,M_HQ1,x,M_HQ1,M_HQ2,A3,A5,M_HQ2,x,x,A1,M_HQ3,A2,M_HQ3,A1,M_HQ3,x,M_HQ3,x,x,WT,x,x,x,x,x,M_HQ3,WT,x,x,M_HQ1,A1,x,M_HQ1,A2,WT,A1,A7,WT,A4,WT,x,A5,A6,x,x,WT,x,x,A4,M_HQ2,x,M_HQ2,x,A6,x,x,M_HQ1,x,A5,x,x,x,x,WT,x,x,x,A2,x,A6,A2,x,x,x,x,x,WT,x,x,x,WT,x,A6,x,A2,x,x,x,WT
R,A4,M_HQ1,x,M_HQ1,M_HQ2,A1,A1,M_HQ1,M_HQ1,A5,A3,x,A2,M_HQ2,M_HQ2,M_HQ1,M_HQ1,R1,M_HQ2,M_HQ2,WT,x,A1,x,A6,x,A8,M_LQ1,M_HQ2,x,A5,A6,M_HQ1,WT,A5,A4,M_HQ1,A4,A7,M_HQ1,M_HQ1,A7,A3,M_HQ1,A3,M_HQ2,M_HQ2,R1,x,WT,M_HQ3,M_HQ3,A2,A6,M_HQ1,M_HQ1,A1,x,A8,x,A3,A3,M_HQ2,R1,M_HQ3,M_HQ3,R1,A1,A1,A3,A5,A1,M_HQ3,A5,M_HQ1,A1,A2,M_HQ1,M_HQ2,x,M_HQ2,R1,A4,A8,WT,M_HQ1,A3,x,A2,A1,x,A2,x,A2,M_HQ2,R10,A7,A2,A10,WT,WT,A1,A4,x,A1,M_HQ1,x,A6,M_HQ1,M_HQ2,A7,x,M_HQ1,M_HQ1,A1,A2,WT,x,A2,R1,R1,M_HQ2,M_HQ3,M_HQ3,M_HQ3,M_HQ3,M_HQ3,A1,A2,A4,M_HQ1,R1,A4,A2,M_HQ1,A2,A6,A3,M_HQ2,A3,A2,M_HQ2,M_HQ1,M_LQ1,M_HQ1,R1,R1,M_HQ1,M_HQ2,A3,A1,A7,A1,A3,M_HQ2,A1,M_HQ2,M_HQ2,A2,R1,A2,R1,A3,A2,x,M_HQ1,WT,A1,M_HQ2,M_HQ2,A2,M_HQ2,M_HQ1,A4,A5,M_HQ1,A4,M_HQ2,A6,A7,M_HQ1,R1,M_HQ1,M_HQ1,A2,M_HQ2,M_HQ2,A5,A4,M_HQ2,x,x,R1,WT,A2,WT,A5,A5,M_LQ1,M_HQ1,A6,A5,x,M_HQ2,A5,WT,A5,x,A5,x,A1,A3,A2,A6,WT,x,x,x,R1,A3,M_HQ1,A4,A1,M_HQ2,M_HQ2,A5,A5,R1,M_HQ2,A6,R1,R1,A4,x,x,A4,A5,M_HQ1,x,x,M_HQ2,x,M_HQ2,M_HQ3,x,x,x,M_HQ1,M_HQ1,x,M_HQ1,M_HQ2,M_HQ2,WT,M_HQ2,M_HQ2,x,x,A4,A4,A4,WT,x,x,A4,x,M_HQ2,M_HQ2,M_HQ2,M_HQ1,M_HQ1,A1,R1,x,M_HQ2,x,M_HQ2,M_HQ3,A5,M_HQ3,M_HQ3,M_HQ3,M_HQ3,M_HQ3,M_HQ3,M_HQ3,x,M_HQ3,x,M_HQ3,M_HQ3,M_HQ3,WT,A6,M_HQ3,M_HQ3,M_HQ3,A5,M_HQ3,A2,M_HQ1,WT,M_HQ1,M_HQ2,A3,M_HQ2,A5,A6,A2,A4,A3,A3,A5,A3,x,A3,x,x,x,M_HQ2,A4,M_HQ2,x,A6,WT,M_LQ2,x,x,A5,A4,x,x,x,x,x,x,A5,A2,WT,A7,A2,A1,A4,x,A2,x,A6,x,A2,WT,A4,A2,A6,WT,A2,A6,x,x,A6
S,M_HQ1,M_HQ1,M_HQ1,R1,A2,M_HQ1,A1,M_HQ1,A1,x,A4,A5,A3,x,WT,M_HQ1,M_HQ1,A1,R1,WT,M_HQ2,x,A3,A1,A5,A4,WT,x,M_HQ2,WT,A5,A3,A2,M_HQ1,A6,A2,M_LQ1,A5,A7,A2,R1,A6,A1,M_HQ1,A3,M_HQ2,M_HQ2,M_HQ2,A1,A1,A5,x,x,A1,M_HQ1,A1,x,x,A4,WT,A3,A2,M_HQ3,R1,M_HQ3,M_HQ3,A4,WT,WT,A3,A7,A1,A4,A1,A1,WT,A4,M_HQ1,x,A4,A2,M_HQ2,A2,WT,x,A1,x,x,M_LQ1,A1,A2,WT,M_HQ2,A8,A2,R10,A10,A4,A8,A5,A2,A3,x,x,A10,M_HQ1,x,A7,A1,x,A1,x,A1,x,A3,A1,M_HQ2,x,WT,M_HQ2,R1,M_HQ2,M_HQ3,A2,x,A1,M_HQ3,A5,A4,A5,A3,x,A2,A4,R1,A10,A4,A5,A1,A1,x,M_HQ2,M_HQ1,A3,M_HQ1,R1,M_HQ1,M_LQ1,x,WT,A4,A4,A4,A4,A1,A3,WT,x,A4,A2,WT,A5,A4,A1,R1,M_LQ1,A4,A3,A4,A1,A1,M_HQ2,M_HQ1,x,A5,M_HQ1,A3,M_HQ2,A5,x,M_LQ1,x,M_HQ1,M_HQ1,A5,M_HQ2,A1,A5,WT,WT,x,WT,A3,x,A2,x,A5,A5,A2,M_HQ1,A5,x,A4,x,A5,A5,x,x,A2,x,A5,A3,A6,A7,A5,x,A7,x,R1,WT,A4,A3,WT,M_HQ2,M_HQ2,A5,A5,A2,M_HQ2,A5,R1,R1,A5,A5,x,A4,A5,M_HQ1,x,x,M_HQ2,x,A2,A4,x,x,x,M_HQ1,x,A2,M_LQ1,A4,M_HQ2,x,M_HQ2,M_HQ2,x,x,WT,A3,A2,x,x,x,A5,A2,M_HQ2,WT,M_HQ2,M_HQ1,M_HQ1,A2,R1,A1,A8,A7,M_HQ2,WT,WT,M_HQ3,M_HQ3,A7,M_HQ3,A1,M_HQ3,A3,A3,x,x,A1,A1,x,x,A4,M_HQ3,M_HQ3,A7,x,WT,M_HQ1,x,M_LQ1,R1,M_HQ2,A4,x,WT,A6,A4,A5,A5,A4,A5,A6,x,A4,x,M_HQ1,x,x,WT,M_HQ2,A3,x,R1,x,A8,A4,A5,x,x,x,x,x,x,x,WT,A4,A5,A6,A2,x,A6,WT,A2,x,A6,A2,x,A4,x,A3,WT,x,A2,x,WT,x,A7
T,M_HQ1,M_HQ1,M_HQ1,WT,M_HQ2,x,A3,M_HQ1,M_HQ1,A3,x,x,M_HQ2,x,A1,x,M_HQ1,WT,M_HQ1,M_HQ2,M_HQ2,x,A1,x,A2,x,A7,x,M_HQ2,x,A6,A3,WT,A1,x,A2,M_HQ1,A7,A5,A2,A1,A6,A5,x,A2,x,A1,M_HQ2,x,x,x,M_HQ3,M_HQ3,A1,M_HQ1,M_HQ1,x,M_HQ2,A4,x,x,x,M_HQ3,x,M_HQ3,M_HQ3,WT,x,x,x,A9,x,x,M_HQ1,S5,A2,A2,M_HQ1,A1,A2,R1,M_HQ2,A7,A4,x,M_HQ1,A10,x,A1,A1,x,A10,x,x,A3,R10,A4,A4,A4,x,A4,A3,A4,A4,A4,A2,x,WT,x,x,x,x,x,x,A2,A1,M_HQ2,x,A4,x,x,M_HQ2,M_HQ3,A2,A3,M_HQ3,M_HQ3,A4,x,A5,S5,x,A2,A3,A1,A3,A3,A5,A2,WT,x,x,M_HQ2,A10,M_HQ1,R1,A2,M_LQ1,A2,A3,x,A5,WT,A3,A3,A2,M_HQ2,A2,A5,R1,M_LQ1,A7,x,x,x,WT,M_HQ2,A3,M_HQ2,A2,A4,M_HQ2,M_HQ1,x,A5,M_HQ1,x,x,x,x,x,x,A4,M_HQ1,x,x,M_LQ1,A5,A6,A2,x,x,x,x,A1,x,A6,x,x,M_HQ1,A5,A3,x,x,WT,x,x,x,A3,x,A4,A4,A6,A7,A7,x,x,x,R1,A5,A1,A4,x,x,x,A5,A1,WT,M_HQ2,A6,M_HQ1,x,A5,x,x,A5,A5,M_HQ1,WT,x,M_HQ2,x,x,R1,x,x,x,M_HQ1,M_HQ1,x,M_LQ1,x,M_LQ1,x,M_HQ2,M_LQ1,WT,x,A3,x,x,x,x,x,A5,M_HQ1,A2,M_HQ2,M_HQ2,x,M_HQ1,x,x,x,WT,A10,M_HQ1,R1,A4,M_HQ3,M_HQ3,A6,M_HQ3,M_HQ3,M_HQ3,WT,WT,x,x,A3,M_HQ3,M_HQ3,x,x,x,x,x,WT,A5,x,x,A4,M_HQ1,M_HQ2,A4,A1,A7,x,A3,A7,A5,A4,x,x,A7,x,x,x,A2,x,x,M_HQ2,A5,x,x,x,WT,WT,A6,A5,x,x,WT,x,WT,A6,x,A3,A6,A6,x,A2,A4,x,x,x,x,A2,A1,A4,A3,x,A3,x,A2,x,x,x,A6
V,A1,A3,WT,M_HQ1,M_HQ2,A1,A3,WT,x,A3,x,A7,M_HQ2,WT,M_HQ2,M_HQ1,S5,R1,WT,M_HQ2,M_HQ2,WT,WT,M_HQ2,A1,A2,A8,A2,WT,M_HQ2,R1,A3,M_LQ1,A1,A6,A2,WT,A5,A5,A4,A10,A7,A2,A1,A1,M_HQ2,A1,M_HQ2,M_HQ2,A1,WT,x,x,A3,M_HQ1,M_HQ1,M_HQ1,x,A1,x,A2,A7,x,S5,WT,S1,A2,A6,x,A4,A7,A1,A1,M_HQ1,A9,A3,A4,A3,WT,A1,M_HQ2,A1,A8,x,x,A1,A6,A5,A3,A1,A2,x,WT,A9,WT,R10,A3,WT,A4,S5,A3,M_HQ1,WT,A4,A1,x,x,A7,A3,WT,A4,x,M_HQ1,A8,M_HQ1,A1,M_HQ2,WT,A8,M_HQ2,A7,S5,A3,A9,A8,M_HQ3,A1,A1,A4,A5,A1,A1,A5,A3,WT,A3,A4,A5,A3,A7,A2,WT,M_HQ1,A10,A10,R1,A2,M_HQ1,WT,M_HQ2,A2,A4,S5,A2,S3,R1,x,A5,A6,M_HQ1,M_HQ1,A6,A2,A2,M_LQ1,x,M_HQ2,A2,M_HQ2,WT,A1,M_HQ2,A5,WT,A4,A1,M_LQ2,M_HQ2,A6,x,A6,x,A4,A4,A4,M_HQ2,R1,A5,A5,A1,WT,M_HQ2,A1,A2,A1,x,A5,A4,A2,M_HQ1,A5,A1,A2,A1,A5,A6,x,x,A5,x,A6,A5,A7,A7,A7,x,x,x,R1,M_HQ1,M_HQ1,A6,A1,M_HQ2,M_HQ2,A5,A6,A4,M_HQ3,A6,A2,A2,A5,A4,A1,A5,WT,x,x,x,A5,x,WT,M_HQ3,x,x,x,M_HQ1,M_HQ1,M_HQ1,M_HQ2,A4,M_HQ2,x,M_HQ2,x,x,x,x,x,x,x,WT,x,A5,R1,A6,R1,WT,WT,M_HQ1,M_HQ1,R1,M_HQ2,A3,A3,M_HQ2,M_HQ3,A5,M_HQ3,M_HQ3,A5,M_HQ3,M_HQ3,M_HQ3,M_HQ3,x,A5,A4,M_HQ3,M_HQ3,M_HQ3,A3,A6,M_HQ3,x,A7,A4,A7,WT,M_HQ1,x,A3,A6,A2,A2,S3,A4,A2,A5,A5,WT,A4,A4,S5,A6,A5,A2,x,WT,A3,M_HQ2,WT,x,S5,x,x,A1,A6,A5,x,x,x,x,x,x,A2,A3,A6,A7,A4,A1,A4,A2,A2,x,A6,A4,A2,A5,A3,WT,A3,x,A2,A2,A4,x,A5
W,M_HQ1,M_HQ1,M_HQ1,M_HQ1,M_HQ2,A1,M_HQ1,M_HQ1,M_HQ1,A1,x,M_HQ2,x,M_HQ2,M_HQ2,M_HQ1,M_HQ1,M_HQ1,M_HQ1,M_HQ2,M_HQ2,M_HQ2,A3,x,x,A1,A2,x,M_HQ2,x,A2,A1,M_LQ1,M_HQ1,A6,M_HQ1,M_HQ1,A2,A5,M_HQ1,x,A4,M_HQ1,M_HQ1,R1,A4,M_HQ2,M_HQ2,A1,A2,A10,M_HQ3,M_HQ3,M_HQ1,M_HQ1,M_HQ1,x,x,M_HQ2,x,A3,A1,M_HQ3,M_HQ1,M_HQ3,A2,M_HQ3,A7,x,A2,A3,A2,x,x,M_HQ1,A2,A2,M_HQ1,x,A3,M_HQ2,M_HQ2,A4,A6,M_HQ1,M_HQ1,A8,x,A9,M_HQ1,A10,x,x,A4,A4,x,A10,A2,M_HQ3,A2,A3,A2,A3,x,A2,A2,A3,A3,x,x,x,A1,M_HQ1,M_HQ1,M_HQ1,A1,M_HQ2,M_HQ2,A2,M_HQ2,R1,M_HQ2,M_HQ3,M_HQ3,x,x,M_HQ3,A1,A2,A4,A1,M_HQ1,A2,x,x,A4,A1,A5,M_HQ2,x,A1,M_HQ2,M_HQ1,x,M_LQ1,x,R1,M_HQ1,M_HQ2,A1,A1,A1,A1,A3,M_HQ2,R1,A1,M_HQ2,M_HQ1,M_HQ1,M_LQ1,A4,A2,A1,M_HQ1,M_HQ2,A3,A1,M_LQ2,M_HQ2,M_HQ1,A1,R1,x,A5,A2,x,M_HQ2,A5,x,M_LQ1,x,R1,R1,A2,M_HQ2,M_LQ1,A4,A5,A2,x,M_HQ2,A1,A1,A1,x,A3,M_LQ2,x,WT,A5,x,x,x,x,x,A5,x,A1,x,A5,A2,A5,A7,A4,x,x,x,WT,M_HQ1,M_HQ1,A5,M_HQ1,M_HQ2,A6,A4,A1,M_HQ2,M_HQ2,A4,A1,R1,A4,A2,A2,A7,A5,x,x,x,R1,x,M_HQ3,M_HQ3,x,x,x,x,R1,M_HQ1,M_HQ2,M_HQ2,x,x,M_HQ2,x,x,x,A6,A3,x,x,x,x,A5,M_HQ1,M_HQ2,M_HQ2,M_HQ2,A1,M_HQ1,A2,M_HQ1,M_HQ2,A1,A1,M_HQ2,M_HQ3,A3,A3,M_HQ3,A1,M_HQ3,x,R1,M_HQ3,x,x,x,M_HQ3,M_HQ3,M_HQ3,A7,A3,M_HQ3,M_HQ3,A6,x,M_HQ3,M_HQ1,M_HQ1,x,R1,A6,A2,A2,x,A2,A1,A2,A4,A3,A3,A4,x,x,x,x,x,M_HQ2,A2,M_HQ2,x,x,M_HQ1,A3,x,R1,A4,A3,x,x,x,x,x,x,x,A2,x,A3,A1,A1,A2,x,A2,x,A4,x,A2,A5,A3,M_LQ1,A4,A4,A5,x,x,x,A5
Y,x,x,x,M_HQ1,A2,WT,M_HQ1,M_HQ1,M_HQ1,A3,WT,x,x,x,M_HQ2,WT,x,x,M_HQ1,M_HQ2,M_LQ1,x,A7,x,x,x,A1,x,x,R1,A3,A3,x,A1,A6,M_HQ1,x,A2,A5,x,x,A5,A1,A1,A2,WT,x,M_HQ2,x,A1,A6,x,x,x,M_HQ1,M_HQ1,x,x,A2,x,A2,A1,M_HQ3,x,A2,A6,x,x,x,A6,A10,A2,x,x,A1,x,A2,R1,A8,A3,M_HQ2,M_HQ2,A7,A4,A3,M_HQ1,A8,x,A10,A1,x,x,x,x,A6,R3,x,x,A4,A2,x,M_LQ1,A6,x,x,A1,x,x,x,x,x,x,x,M_HQ1,M_HQ1,A1,M_HQ2,x,A3,x,x,x,M_HQ3,A9,WT,x,M_HQ3,A1,A4,A4,M_HQ1,x,x,x,x,x,A4,A8,x,x,A6,x,R1,x,M_HQ1,x,x,M_HQ3,x,A1,A6,A3,x,x,x,x,x,x,x,x,M_HQ1,A1,x,x,x,x,x,x,M_LQ1,M_HQ2,x,A3,x,A5,x,x,M_HQ1,M_HQ2,x,A7,x,x,A1,M_HQ1,x,x,M_LQ1,A5,A3,A2,x,R1,x,x,x,x,A3,x,x,x,A5,x,WT,M_HQ2,x,A6,A7,x,x,x,A2,x,A4,A6,A6,x,x,x,A1,A1,M_HQ1,x,S5,M_HQ2,A5,A5,A2,M_HQ2,x,A5,x,R1,A4,A4,x,x,x,A1,x,x,x,x,x,M_HQ3,x,x,x,x,x,M_HQ1,x,M_HQ2,x,x,M_HQ2,A2,x,x,x,x,x,x,x,x,A5,R1,x,x,x,M_HQ1,M_HQ1,WT,x,M_HQ2,x,x,M_HQ2,A1,A2,A3,WT,x,M_HQ3,M_HQ3,M_HQ3,M_HQ3,x,x,x,x,M_HQ3,A1,x,x,M_HQ3,M_HQ3,A9,x,x,M_HQ1,M_HQ1,x,R1,A2,A2,x,A2,x,A2,A3,A4,x,A4,x,x,A4,x,A1,x,M_HQ2,A3,M_HQ2,M_HQ2,x,x,x,x,x,A5,x,x,x,x,x,x,x,x,x,x,A7,A2,A2,A3,x,A2,x,x,x,x,A5,x,A1,A5,A3,x,x,x,x,A6
